{
  "project_info": {
    "project_number": "174648229416",
    "firebase_url": "https://fir-5208f.firebaseio.com",
    "project_id": "fir-5208f",
    "storage_bucket": "fir-5208f.appspot.com"
  },
  "client": [
    {
      "client_info": {
        "mobilesdk_app_id": "1:174648229416:android:1ba539d8b034db55",
        "android_client_info": {
          "package_name": "brainwave.c200.c200"
        }
      },
      "oauth_client": [
        {
          "client_id": "174648229416-nub4aunqs114ijabmk3d1p5rsikk6c3n.apps.googleusercontent.com",
          "client_type": 1,
          "android_info": {
            "package_name": "brainwave.c200.c200",
            "certificate_hash": "c0ee9d7887b4b3fee7381a9b15a95528832a46ee"
          }
        },
        {
          "client_id": "174648229416-hshao3kniq2sapsrbchafgmdpump2ivu.apps.googleusercontent.com",
          "client_type": 3
        }
      ],
      "api_key": [
        {
          "current_key": "AIzaSyDOhrJ_mjCOOGAjHLYwbzevWEZRHTZOG6Y"
        }
      ],
      "services": {
        "analytics_service": {
          "status": 1
        },
        "appinvite_service": {
          "status": 2,
          "other_platform_oauth_client": [
            {
              "client_id": "174648229416-hshao3kniq2sapsrbchafgmdpump2ivu.apps.googleusercontent.com",
              "client_type": 3
            }
          ]
        },
        "ads_service": {
          "status": 2
        }
      }
    },
    {
      "client_info": {
        "mobilesdk_app_id": "1:174648229416:android:7eceb2976ab0e28d",
        "android_client_info": {
          "package_name": "com.example.a17033965.fireapp"
        }
      },
      "oauth_client": [
        {
          "client_id": "174648229416-hshao3kniq2sapsrbchafgmdpump2ivu.apps.googleusercontent.com",
          "client_type": 3
        }
      ],
      "api_key": [
        {
          "current_key": "AIzaSyDOhrJ_mjCOOGAjHLYwbzevWEZRHTZOG6Y"
        }
      ],
      "services": {
        "analytics_service": {
          "status": 1
        },
        "appinvite_service": {
          "status": 1,
          "other_platform_oauth_client": []
        },
        "ads_service": {
          "status": 2
        }
      }
    }
  ],
  "configuration_version": "1"
}